,bedRoom,bathroom,noOfFloor,price,area_value,area_type,balcony_count,agePossession_numeric,Environment_Rating,Lifestyle_Rating,Safety_Rating,Connectivity_Rating
0,5.0,4.0,3,5.25,242,Plot Area,3.0,0.5,5.0,4.0,4.0,4.0
6,5.0,5.0,3,12.0,301,Plot Area,3.0,0.5,3.0,4.0,4.0,4.0
8,6.0,6.0,3,10.85,264,Plot Area,1.0,2.5,5.0,5.0,5.0,5.0
9,3.0,4.0,4,1.95,180,Plot Area,3.0,0.5,5.0,5.0,5.0,5.0
10,4.0,3.0,2,4.45,125,Plot Area,3.0,7.5,5.0,5.0,5.0,5.0
11,6.0,7.0,3,9.0,301,Plot Area,3.0,7.5,5.0,4.0,5.0,5.0
13,5.0,6.0,3,15.0,420,Plot Area,3.0,7.5,5.0,5.0,5.0,5.0
14,5.0,6.0,3,8.25,251,Plot Area,3.0,7.5,4.0,4.5,4.0,4.5
17,7.0,7.0,3,2.1,84,Plot Area,3.0,2.5,4.0,4.0,4.0,5.0
18,4.0,4.0,3,7.35,201,Plot Area,3.0,7.5,5.0,5.0,5.0,5.0
19,6.0,6.0,3,4.45,268,Plot Area,3.0,7.5,5.0,5.0,5.0,5.0
21,5.0,6.0,3,12.0,293,Plot Area,3.0,2.5,3.0,4.0,4.0,4.0
22,4.0,4.0,2,8.4,301,Plot Area,3.0,12.0,4.0,4.0,4.0,5.0
25,5.0,5.0,3,7.0,251,Plot Area,3.0,2.5,5.0,5.0,5.0,5.0
26,5.0,5.0,1,4.75,471,Plot Area,1.0,12.0,5.0,5.0,5.0,5.0
29,5.0,5.0,3,10.56,301,Plot Area,3.0,7.5,5.0,5.0,5.0,5.0
30,4.0,5.0,2,5.46,210,Plot Area,3.0,2.5,4.0,4.5,4.0,4.0
31,5.0,6.0,3,10.0,251,Plot Area,3.0,12.0,5.0,5.0,5.0,5.0
34,2.0,2.0,2,1.95,134,Plot Area,2.0,12.0,4.0,4.0,4.0,4.0
35,4.0,4.0,3,3.3,161,Plot Area,2.0,7.5,4.0,4.0,4.0,4.0
37,3.0,3.0,1,7.2,300,Plot Area,2.0,12.0,5.0,5.0,5.0,5.0
38,4.0,4.0,3,6.0,251,Plot Area,3.0,12.0,4.0,5.0,4.0,5.0
39,5.0,5.0,3,9.0,251,Plot Area,3.0,12.0,5.0,5.0,5.0,5.0
40,5.0,5.0,2,5.8,167,Plot Area,3.0,12.0,5.0,5.0,5.0,5.0
46,5.0,5.0,2,6.25,167,Plot Area,3.0,7.5,5.0,5.0,5.0,5.0
48,4.0,5.0,3,5.4,242,Plot Area,3.0,2.5,5.0,4.0,4.0,4.0
49,4.0,4.0,2,5.75,180,Plot Area,2.0,12.0,4.0,4.0,4.0,4.0
50,3.0,3.0,2,2.55,145,Plot Area,2.0,12.0,5.0,5.0,4.0,5.0
54,6.0,6.0,3,3.75,136,Plot Area,3.0,7.5,5.0,5.0,5.0,5.0
55,3.0,4.0,2,7.25,241,Plot Area,2.0,7.5,4.0,4.0,4.0,5.0
56,4.0,5.0,2,8.4,372,Plot Area,3.0,7.5,4.0,4.0,4.0,5.0
57,4.0,4.0,2,3.55,135,Plot Area,3.0,12.0,4.0,4.0,4.0,5.0
58,4.0,4.0,3,2.5,316,Plot Area,3.0,7.5,4.0,4.0,4.5,3.0
59,4.0,4.0,3,2.5,316,Plot Area,3.0,7.5,5.0,5.0,4.5,4.5
61,3.0,3.0,3,2.1,84,Plot Area,2.0,7.5,4.0,4.0,4.0,4.0
64,5.0,5.0,1,4.5,232,Carpet Area,1.0,2.5,4.0,5.0,4.0,5.0
65,5.0,4.0,3,6.5,180,Plot Area,3.0,7.5,4.0,4.0,4.0,4.0
80,4.0,4.0,2,5.0,286,Plot Area,2.0,12.0,4.0,5.0,4.0,5.0
90,4.0,4.0,2,5.5,226,Plot Area,3.0,0.5,5.0,4.0,4.5,3.5
91,4.0,4.0,2,5.65,502,Plot Area,3.0,0.5,5.0,4.0,4.5,3.5
101,4.0,4.0,3,8.8,223,Built-up Area,3.0,2.5,3.0,4.0,4.0,4.0
106,3.0,3.0,2,3.25,209,Plot Area,2.0,12.0,5.0,5.0,5.0,5.0
107,3.0,3.0,1,5.0,460,Plot Area,2.0,12.0,5.0,5.0,5.0,5.0
108,4.0,5.0,3,10.45,251,Plot Area,2.0,7.5,5.0,5.0,5.0,5.0
112,5.0,5.0,2,7.5,301,Plot Area,3.0,2.5,4.0,4.0,4.0,4.0
114,4.0,4.0,3,5.75,25,Plot Area,2.0,2.5,5.0,4.0,4.5,3.5
116,4.0,5.0,3,5.7,502,Plot Area,3.0,2.5,5.0,4.0,4.5,3.5
117,3.0,3.0,1,3.2,220,Plot Area,2.0,12.0,4.0,4.0,4.0,4.0
119,4.0,5.0,2,7.69,297,Plot Area,3.0,7.5,4.0,4.0,4.0,5.0
120,4.0,4.0,1,7.0,301,Plot Area,3.0,2.5,4.0,4.0,4.0,4.0
121,2.0,2.0,1,1.55,100,Plot Area,2.0,7.5,4.0,4.0,4.0,4.0
122,4.0,4.0,3,3.85,244,Plot Area,3.0,12.0,4.0,4.0,4.0,4.0
123,2.0,2.0,2,2.0,134,Plot Area,2.0,12.0,4.0,4.0,4.0,4.0
124,3.0,3.0,2,3.1,209,Plot Area,2.0,12.0,4.0,4.0,4.0,4.0
125,3.0,3.0,2,2.25,134,Plot Area,2.0,12.0,4.0,4.0,4.0,4.0
126,4.0,4.0,3,7.0,223,Plot Area,2.0,12.0,5.0,5.0,5.0,5.0
127,4.0,5.0,2,8.5,372,Plot Area,3.0,7.5,4.0,4.0,4.0,5.0
128,4.0,5.0,3,8.7,209,Plot Area,2.0,0.5,3.0,4.0,4.0,4.0
129,5.0,6.0,3,12.5,418,Plot Area,3.0,2.5,5.0,4.0,4.5,3.5
130,4.0,5.0,2,6.8,502,Plot Area,3.0,2.5,5.0,4.0,4.5,3.5
131,7.0,6.0,3,9.5,334,Plot Area,3.0,2.5,5.0,4.0,4.5,3.5
132,5.0,6.0,2,7.0,502,Plot Area,2.0,2.5,5.0,4.0,4.5,3.5
133,5.0,5.0,2,6.2,226,Plot Area,2.0,2.5,5.0,4.0,4.5,3.5
134,5.0,5.0,3,3.6,135,Plot Area,3.0,7.5,4.0,5.0,4.0,5.0
136,4.0,5.0,2,5.9,226,Plot Area,2.0,2.5,5.0,4.0,4.5,3.5
137,4.0,5.0,2,5.85,206,Plot Area,3.0,2.5,5.0,4.0,4.5,3.5
138,4.0,4.0,2,4.0,557,Plot Area,3.0,2.5,5.0,4.0,4.0,4.0
139,4.0,4.0,3,5.35,557,Built-up Area,3.0,2.5,5.0,4.0,4.0,4.0
140,6.0,7.0,2,6.6,167,Plot Area,3.0,7.5,5.0,5.0,5.0,5.0
143,3.0,2.0,1,0.65,67,Plot Area,1.0,2.5,4.0,4.0,4.0,4.0
150,6.0,6.0,2,5.8,180,Plot Area,3.0,2.5,5.0,5.0,5.0,5.0
151,4.0,5.0,2,6.0,226,Plot Area,3.0,2.5,5.0,4.0,4.5,3.5
155,4.0,4.0,2,3.69,145,Plot Area,2.0,7.5,5.0,5.0,4.0,5.0
156,7.0,7.0,4,2.5,89,Plot Area,3.0,2.5,5.0,5.0,5.0,5.0
158,4.0,4.0,2,15.0,418,Plot Area,2.0,7.5,5.0,5.0,5.0,5.0
159,3.0,3.0,2,6.95,201,Plot Area,1.0,7.5,5.0,5.0,5.0,5.0
160,5.0,5.0,2,5.7,360,Plot Area,2.0,12.0,5.0,5.0,4.0,5.0
161,7.0,5.0,4,11.3,418,Plot Area,3.0,2.5,5.0,4.0,4.5,3.5
162,7.0,5.0,4,11.25,418,Plot Area,3.0,2.5,5.0,4.0,4.5,3.5
163,4.0,4.0,3,4.02,511,Built-up Area,3.0,2.5,5.0,4.0,4.0,4.0
164,4.0,4.0,4,5.7,502,Plot Area,3.0,2.5,5.0,4.0,4.5,3.5
165,9.0,7.0,3,1.0,13,Plot Area,3.0,7.5,4.0,4.0,4.0,4.5
167,3.0,2.0,2,0.7,64,Plot Area,1.0,0.5,4.0,4.0,4.0,5.0
169,4.0,3.0,1,0.95,99,Plot Area,2.0,12.0,3.0,4.0,4.0,4.0
175,7.0,7.0,3,7.0,230,Plot Area,3.0,7.5,5.0,5.0,5.0,5.0
177,4.0,4.0,2,4.0,140,Plot Area,3.0,2.5,4.0,5.0,4.0,5.0
179,6.0,4.0,3,0.9,84,Plot Area,3.0,12.0,4.0,4.0,4.0,4.0
180,7.0,7.0,3,2.75,279,Built-up Area,3.0,7.5,4.0,5.0,4.0,5.0
182,3.0,3.0,2,0.5,56,Plot Area,2.0,7.5,4.0,5.0,4.0,5.0
186,5.0,3.0,3,0.5,42,Plot Area,3.0,7.5,3.0,4.0,4.0,4.0
188,4.0,3.0,2,4.0,91,Plot Area,2.0,2.5,5.0,5.0,5.0,5.0
190,4.0,3.0,1,2.2,167,Plot Area,2.0,12.0,4.0,4.0,4.0,5.0
192,4.0,5.0,1,8.0,334,Plot Area,3.0,12.0,4.0,4.0,4.0,4.0
193,4.0,3.0,2,0.82,84,Plot Area,3.0,7.5,4.0,4.0,4.0,5.0
195,4.0,4.0,2,0.7,158,Plot Area,1.0,7.5,4.0,4.0,4.0,4.0
199,6.0,6.0,3,3.5,125,Plot Area,3.0,2.5,4.0,5.0,4.0,5.0
200,8.0,8.0,1,0.8,111,Plot Area,2.0,2.5,4.0,4.0,4.0,4.5
203,8.0,5.0,3,6.0,167,Plot Area,3.0,12.0,5.0,5.0,5.0,5.0
205,4.0,4.0,3,2.75,261,Plot Area,3.0,2.5,5.0,4.0,3.0,4.0
209,3.0,2.0,1,0.85,104,Built-up Area,2.0,0.5,4.0,4.0,4.0,5.0
211,2.0,2.0,3,0.34,25,Plot Area,2.0,7.5,4.0,4.0,4.0,4.0
214,3.0,3.0,1,5.0,209,Plot Area,3.0,7.5,4.0,5.0,4.0,5.0
215,5.0,7.0,2,9.5,418,Plot Area,3.0,1.0,3.0,4.0,4.0,4.0
220,4.0,3.0,3,0.37,33,Plot Area,2.0,2.5,4.0,4.0,4.0,4.0
222,5.0,3.0,2,1.15,125,Plot Area,2.0,12.0,4.0,4.0,4.0,4.0
224,6.0,3.0,3,0.49,33,Plot Area,2.0,7.5,4.0,4.0,4.0,5.0
226,2.0,2.0,1,0.8,84,Plot Area,1.0,12.0,4.0,4.0,4.0,5.0
227,5.0,5.0,3,1.6,125,Plot Area,2.0,2.5,4.0,4.0,4.0,5.0
229,5.0,5.0,3,7.0,166,Plot Area,2.0,2.5,5.0,5.0,5.0,5.0
236,7.0,6.0,3,0.95,121,Plot Area,3.0,12.0,3.0,3.0,4.0,4.0
238,5.0,3.0,3,0.45,41,Plot Area,2.0,12.0,4.0,4.0,4.0,5.0
243,7.0,4.0,2,1.2,84,Plot Area,1.0,7.5,4.0,4.0,4.0,4.0
252,3.0,3.0,2,4.7,201,Plot Area,2.0,12.0,4.0,4.0,4.0,4.0
262,4.0,4.0,2,6.0,278,Built-up Area,1.0,2.5,5.0,5.0,4.0,5.0
266,3.0,3.0,1,3.5,134,Carpet Area,2.0,2.5,4.0,4.0,4.0,5.0
271,8.0,3.0,3,0.6,90,Plot Area,2.0,12.0,4.0,4.0,4.0,5.0
274,9.0,5.0,1,2.5,167,Plot Area,2.0,12.0,3.5,4.5,4.0,5.0
275,3.0,2.0,1,3.5,160,Plot Area,2.0,7.5,4.0,4.0,4.0,5.0
276,2.0,2.0,1,2.95,135,Plot Area,2.0,7.5,4.0,5.0,4.0,5.0
280,5.0,4.0,3,1.16,92,Plot Area,2.0,7.5,4.0,4.0,4.0,4.0
283,5.0,6.0,4,8.95,465,Plot Area,3.0,7.5,4.0,5.0,4.0,5.0
286,5.0,2.0,1,0.85,6,Plot Area,2.0,12.0,3.0,4.0,4.0,5.0
297,4.0,4.0,4,0.51,33,Plot Area,3.0,0.5,4.0,4.0,4.0,5.0
300,5.0,5.0,2,2.5,177,Plot Area,3.0,2.5,4.0,4.0,4.0,4.0
302,2.0,2.0,2,2.0,167,Plot Area,1.0,2.5,4.0,5.0,5.0,5.0
306,2.0,2.0,1,0.37,42,Plot Area,1.0,7.5,3.0,4.0,4.0,4.5
307,6.0,3.0,2,1.72,144,Built-up Area,1.0,12.0,4.5,5.0,5.0,5.0
328,4.0,6.0,3,1.6,52,Plot Area,1.0,2.5,4.0,4.0,4.0,5.0
332,3.0,2.0,2,0.66,57,Plot Area,1.0,12.0,3.0,4.0,4.0,5.0
333,4.0,4.0,4,0.45,34,Plot Area,2.0,7.5,4.0,4.0,3.5,4.0
335,2.0,2.0,3,1.5,132,Plot Area,2.0,12.0,4.0,5.0,4.0,5.0
336,2.0,2.0,1,1.52,71,Plot Area,1.0,12.0,4.0,4.0,5.0,5.0
337,3.0,2.0,1,1.0,100,Plot Area,2.0,12.0,4.0,4.0,4.0,4.0
340,4.0,2.0,2,0.58,95,Plot Area,1.0,12.0,4.5,4.5,5.0,5.0
347,6.0,5.0,3,3.5,134,Plot Area,3.0,12.0,5.0,5.0,5.0,5.0
351,4.0,2.0,2,1.75,146,Plot Area,2.0,12.0,4.0,4.0,4.0,4.0
352,4.0,2.0,2,0.75,109,Plot Area,2.0,12.0,4.5,4.0,4.5,4.5
353,8.0,8.0,3,3.5,24,Plot Area,3.0,2.5,3.0,4.0,4.0,4.5
356,3.0,2.0,2,0.52,84,Plot Area,2.0,0.5,4.0,4.0,4.0,4.0
357,8.0,4.0,2,1.1,167,Plot Area,3.0,12.0,4.0,4.0,4.0,5.0
364,3.0,2.0,3,2.1,56,Carpet Area,1.0,0.5,5.0,4.0,4.0,4.0
366,5.0,3.0,3,0.6,5,Plot Area,2.0,7.5,3.5,4.5,4.0,5.0
373,4.0,6.0,3,8.5,301,Plot Area,3.0,12.0,4.0,4.0,4.0,5.0
375,7.0,4.0,4,0.75,33,Plot Area,3.0,7.5,4.0,5.0,4.0,5.0
376,9.0,6.0,2,6.0,18,Plot Area,2.0,12.0,3.0,4.0,4.0,5.0
386,5.0,5.0,1,4.65,246,Plot Area,3.0,7.5,4.0,5.0,4.0,5.0
388,3.0,3.0,2,0.6,52,Plot Area,1.0,2.5,5.0,5.0,4.0,5.0
389,4.0,5.0,2,4.5,460,Plot Area,2.0,12.0,4.0,4.0,4.0,4.0
392,3.0,3.0,2,0.6,5,Plot Area,1.0,12.0,4.0,4.0,4.0,5.0
393,3.0,5.0,2,1.95,85,Plot Area,3.0,7.5,4.0,4.0,4.0,4.0
395,5.0,6.0,2,6.1,226,Plot Area,3.0,7.5,5.0,4.0,4.5,3.5
396,5.0,3.0,3,0.5,33,Plot Area,3.0,12.0,3.0,4.0,4.0,5.0
398,8.0,8.0,4,2.1,84,Plot Area,3.0,7.5,4.0,5.0,4.0,5.0
399,3.0,3.0,1,1.25,132,Built-up Area,2.0,0.5,4.0,4.0,4.0,4.0
402,5.0,4.0,3,0.9,73,Plot Area,3.0,7.5,3.0,4.0,4.0,5.0
403,5.0,4.0,2,0.75,59,Plot Area,3.0,7.5,4.0,4.0,4.0,5.0
404,3.0,3.0,2,1.3,105,Plot Area,1.0,7.5,4.0,4.0,4.0,4.0
405,2.0,2.0,1,0.48,7,Plot Area,1.0,0.5,4.0,4.0,3.5,4.0
409,2.0,2.0,1,0.6,52,Plot Area,1.0,7.5,5.0,5.0,4.0,5.0
410,4.0,4.0,2,6.5,293,Plot Area,3.0,7.5,4.0,5.0,4.0,5.0
412,2.0,2.0,1,1.07,84,Plot Area,1.0,12.0,4.0,4.0,4.0,4.5
413,6.0,6.0,3,2.1,113,Plot Area,3.0,2.5,4.0,4.0,4.0,5.0
415,3.0,4.0,2,1.0,84,Plot Area,2.0,2.5,3.0,4.0,4.0,4.5
417,4.0,3.0,3,2.95,167,Plot Area,2.0,0.5,4.0,4.0,4.0,4.0
418,6.0,4.0,3,4.6,136,Plot Area,3.0,12.0,5.0,5.0,4.0,5.0
424,3.0,3.0,2,0.62,46,Plot Area,1.0,7.5,4.0,4.0,3.5,4.0
430,2.0,3.0,1,1.5,98,Plot Area,2.0,0.5,4.0,4.0,4.0,5.0
432,5.0,6.0,4,13.5,336,Plot Area,3.0,12.0,5.0,5.0,5.0,5.0
435,3.0,2.0,2,0.45,84,Plot Area,1.0,12.0,4.0,4.0,4.0,4.0
437,6.0,2.0,2,1.2,110,Plot Area,1.0,12.0,4.0,4.0,4.0,4.0
438,4.0,3.0,1,1.8,167,Plot Area,1.0,12.0,4.0,4.0,4.0,4.5
439,5.0,3.0,2,1.5,151,Carpet Area,2.0,0.5,4.0,4.5,4.0,4.0
441,2.0,2.0,2,0.55,76,Plot Area,1.0,7.5,4.0,4.0,4.0,5.0
446,3.0,3.0,2,0.4275,43,Plot Area,3.0,2.5,4.0,4.0,4.0,4.0
448,2.0,3.0,1,0.32,42,Built-up Area,1.0,2.5,4.0,4.0,4.0,5.0
451,3.0,5.0,3,0.75,56,Plot Area,3.0,7.5,4.0,4.0,4.0,4.0
452,4.0,2.0,2,0.71,65,Plot Area,1.0,0.5,3.0,3.0,4.0,4.0
455,4.0,4.0,3,0.525,33,Plot Area,2.0,2.5,3.0,4.0,4.0,5.0
456,5.0,3.0,3,2.3,125,Plot Area,3.0,12.0,4.0,4.0,4.0,4.0
458,9.0,3.0,3,1.1,117,Plot Area,3.0,12.0,3.0,4.0,4.0,3.0
459,5.0,5.0,3,1.35,125,Plot Area,1.0,12.0,3.5,4.0,4.0,4.0
460,6.0,4.0,3,1.3,84,Plot Area,2.0,7.5,5.0,5.0,5.0,5.0
461,5.0,5.0,2,1.25,100,Plot Area,1.0,0.5,4.0,5.0,4.0,5.0
463,4.0,2.0,1,1.44,50,Plot Area,2.0,12.0,4.0,5.0,4.0,5.0
464,2.0,2.0,2,0.5,42,Plot Area,2.0,0.5,4.0,4.0,4.0,5.0
465,9.0,7.0,3,1.0,113,Plot Area,3.0,7.5,4.0,4.0,4.0,4.0
467,4.0,3.0,2,5.5,167,Plot Area,3.0,12.0,4.0,5.0,4.0,5.0
468,5.0,3.0,2,0.8,63,Plot Area,1.0,7.5,4.0,4.0,4.0,5.0
469,7.0,4.0,4,0.9,84,Plot Area,3.0,7.5,4.0,4.0,4.0,5.0
470,6.0,4.0,2,4.3,136,Plot Area,2.0,7.5,5.0,4.5,5.0,5.0
471,5.0,5.0,3,0.9,74,Plot Area,3.0,2.5,4.0,4.0,4.0,5.0
472,4.0,4.0,3,3.25,99,Plot Area,3.0,12.0,4.0,5.0,4.0,5.0
474,3.0,3.0,4,3.71,174,Plot Area,1.0,7.5,3.5,4.0,4.0,4.0
476,2.0,2.0,1,0.4,49,Carpet Area,1.0,2.5,4.0,4.0,4.0,4.0
478,5.0,3.0,3,1.3,89,Built-up Area,2.0,12.0,4.0,4.0,4.0,4.0
482,2.0,3.0,1,1.55,98,Plot Area,2.0,0.25,4.0,4.0,4.0,5.0
503,3.0,2.0,1,1.45,167,Built-up Area,1.0,2.5,4.0,4.0,3.0,5.0
507,3.0,3.0,3,0.38,84,Plot Area,3.0,2.5,3.0,4.0,4.0,5.0
508,5.0,6.0,4,10.0,51,Plot Area,3.0,0.5,3.0,4.0,4.0,4.0
510,7.0,6.0,4,4.6,161,Plot Area,3.0,7.5,5.0,4.0,5.0,5.0
526,3.0,2.0,1,0.44,96,Carpet Area,1.0,2.5,4.0,4.0,4.0,4.0
549,2.0,2.0,2,1.4,139,Plot Area,1.0,12.0,3.5,4.5,4.0,5.0
552,4.0,3.0,3,0.7,67,Plot Area,2.0,2.5,4.0,4.0,4.0,4.0
558,4.0,4.0,3,2.43,152,Plot Area,2.0,12.0,4.0,5.0,5.0,5.0
561,6.0,4.0,3,0.75,66,Plot Area,1.0,7.5,4.0,4.0,4.0,5.0
565,4.0,4.0,2,1.2,79,Plot Area,2.0,2.5,3.0,4.0,4.0,5.0
569,5.0,3.0,3,0.42,5,Plot Area,2.0,2.5,5.0,5.0,4.5,4.5
572,5.0,5.0,2,4.5,125,Plot Area,3.0,12.0,5.0,5.0,5.0,5.0
574,3.0,4.0,3,0.9,84,Plot Area,3.0,7.5,4.0,4.0,4.0,5.0
577,7.0,4.0,3,0.96,88,Plot Area,2.0,7.5,4.0,4.0,4.0,5.0
585,3.0,3.0,3,1.9,50,Plot Area,3.0,12.0,5.0,5.0,5.0,5.0
587,5.0,4.0,1,2.5,130,Plot Area,3.0,12.0,4.0,4.0,4.0,5.0
592,5.0,3.0,2,0.89,44,Plot Area,2.0,12.0,4.0,4.0,4.0,4.0
597,5.0,5.0,3,1.7,186,Built-up Area,3.0,7.5,3.0,4.0,4.0,5.0
600,7.0,4.0,4,0.4,42,Plot Area,3.0,0.5,3.0,4.0,4.0,4.0
603,4.0,2.0,2,0.45,50,Plot Area,1.0,2.5,4.0,4.0,4.0,5.0
606,6.0,3.0,3,0.46,59,Plot Area,3.0,7.5,3.0,4.0,3.0,5.0
607,5.0,4.0,2,0.8,91,Plot Area,1.0,7.5,4.5,4.0,4.5,4.5
609,4.0,4.0,4,2.6,100,Plot Area,3.0,2.5,4.0,5.0,4.0,5.0
613,3.0,2.0,1,2.25,217,Plot Area,1.0,12.0,4.5,5.0,5.0,5.0
616,5.0,5.0,2,10.0,420,Plot Area,2.0,12.0,4.5,4.0,5.0,5.0
617,5.0,4.0,3,3.5,100,Plot Area,3.0,12.0,4.0,5.0,4.0,5.0
620,2.0,2.0,3,1.39,50,Plot Area,1.0,12.0,5.0,4.0,5.0,5.0
623,2.0,2.0,2,0.59,54,Plot Area,2.0,7.5,4.0,4.0,4.0,5.0
624,5.0,5.0,3,4.0,209,Plot Area,2.0,2.5,4.0,5.0,4.0,5.0
625,6.0,5.0,4,12.5,286,Plot Area,3.0,7.5,5.0,5.0,4.0,5.0
626,7.0,5.0,4,1.6,50,Plot Area,3.0,12.0,4.0,5.0,4.0,5.0
627,8.0,5.0,4,1.6,50,Plot Area,3.0,12.0,4.0,5.0,4.0,5.0
628,7.0,7.0,2,2.9,251,Plot Area,3.0,12.0,3.5,4.0,4.0,4.0
629,6.0,4.0,2,0.4,84,Plot Area,2.0,7.5,4.0,4.0,4.0,4.0
630,2.0,2.0,3,1.7,84,Plot Area,3.0,7.5,4.0,4.0,4.0,5.0
632,5.0,4.0,2,6.75,318,Plot Area,2.0,12.0,5.0,5.0,5.0,5.0
634,3.0,3.0,2,2.75,100,Plot Area,1.0,7.5,4.0,4.0,4.0,5.0
635,2.0,2.0,2,0.27,21,Plot Area,1.0,7.5,4.0,4.0,4.0,4.0
636,2.0,3.0,1,0.7,93,Plot Area,1.0,2.5,3.0,4.0,4.0,4.0
638,5.0,5.0,4,8.1,213,Plot Area,2.0,12.0,5.0,5.0,5.0,5.0
639,4.0,4.0,2,7.0,502,Plot Area,3.0,2.5,5.0,4.0,4.5,3.5
641,7.0,3.0,2,0.6,109,Plot Area,1.0,7.5,4.0,4.0,3.5,4.0
642,2.0,2.0,1,0.65,105,Plot Area,1.0,7.5,4.0,4.0,4.0,4.0
643,4.0,4.0,1,7.2,420,Plot Area,2.0,12.0,5.0,5.0,5.0,5.0
644,5.0,5.0,3,1.5,125,Plot Area,2.0,12.0,3.5,4.0,4.0,4.0
646,5.0,6.0,3,15.5,420,Plot Area,3.0,7.5,5.0,5.0,5.0,5.0
649,6.0,5.0,3,9.54,301,Plot Area,3.0,0.0,5.0,4.0,5.0,5.0
650,5.0,6.0,3,10.55,251,Plot Area,3.0,7.5,5.0,5.0,5.0,5.0
654,8.0,5.0,3,9.0,301,Plot Area,3.0,12.0,5.0,5.0,5.0,5.0
656,3.0,3.0,3,2.15,84,Plot Area,3.0,7.5,4.0,4.0,4.0,4.0
657,6.0,3.0,3,2.25,84,Plot Area,3.0,2.5,5.0,4.0,4.0,5.0
660,8.0,4.0,3,0.5995,50,Plot Area,3.0,0.5,4.0,4.0,4.0,4.0
661,4.0,5.0,4,3.99,418,Plot Area,3.0,0.5,5.0,5.0,5.0,5.0
663,5.0,5.0,3,6.5,167,Plot Area,3.0,12.0,5.0,5.0,5.0,5.0
664,4.0,4.0,2,6.95,418,Plot Area,3.0,12.0,5.0,5.0,5.0,5.0
665,5.0,5.0,2,7.0,579,Plot Area,3.0,2.5,5.0,4.0,4.5,3.5
666,3.0,3.0,4,3.85,232,Carpet Area,3.0,0.0,4.0,4.0,5.0,4.0
667,3.0,4.0,1,3.2,201,Plot Area,3.0,0.5,4.0,4.0,4.0,4.0
668,8.0,6.0,3,8.81,301,Plot Area,3.0,7.5,5.0,4.0,5.0,5.0
669,4.0,4.0,4,1.45,6,Plot Area,3.0,2.5,4.0,4.0,4.0,5.0
670,4.0,4.0,2,8.9,251,Plot Area,3.0,12.0,5.0,5.0,5.0,5.0
674,5.0,5.0,2,9.5,334,Plot Area,3.0,2.5,5.0,4.0,4.5,3.5
675,4.0,4.0,3,7.0,33,Plot Area,3.0,2.5,4.0,4.0,4.0,4.0
676,5.0,4.0,2,4.15,209,Plot Area,2.0,12.0,4.0,5.0,4.0,5.0
677,4.0,4.0,2,2.9,232,Plot Area,3.0,2.5,5.0,5.0,5.0,5.0
678,5.0,6.0,4,12.0,293,Plot Area,3.0,0.5,3.0,4.0,4.0,4.0
680,4.0,4.0,3,11.0,301,Plot Area,2.0,0.5,5.0,5.0,5.0,5.0
683,5.0,6.0,4,3.25,140,Plot Area,3.0,2.5,4.0,5.0,4.0,5.0
686,6.0,4.0,3,5.6,251,Plot Area,3.0,12.0,4.0,4.0,4.0,5.0
687,3.0,3.0,3,2.55,180,Built-up Area,2.0,2.5,4.0,4.0,3.0,5.0
688,3.0,3.0,2,2.4,186,Plot Area,2.0,7.5,5.0,5.0,5.0,5.0
692,4.0,4.0,4,1.6,50,Plot Area,3.0,0.5,4.0,4.0,5.0,5.0
693,4.0,4.0,2,4.35,299,Plot Area,3.0,2.5,4.0,4.0,4.0,4.0
694,4.0,4.0,3,6.8,301,Plot Area,3.0,2.5,4.0,4.0,4.0,4.0
696,3.0,3.0,2,4.6,201,Plot Area,3.0,12.0,4.0,4.0,4.0,5.0
697,4.0,4.0,2,12.5,334,Plot Area,3.0,2.5,4.0,4.0,4.0,5.0
698,4.0,4.0,2,2.9,145,Plot Area,3.0,2.5,5.0,5.0,4.0,5.0
702,5.0,6.0,4,8.31,319,Plot Area,3.0,12.0,4.0,4.0,4.0,4.0
703,6.0,6.0,4,6.21,251,Plot Area,3.0,12.0,4.0,4.0,4.0,4.0
704,6.0,4.0,3,7.35,230,Plot Area,3.0,12.0,4.5,4.0,4.5,5.0
705,5.0,3.0,3,4.5,125,Plot Area,2.0,12.0,5.0,5.0,5.0,5.0
706,4.0,3.0,3,6.5,167,Plot Area,3.0,7.5,5.0,5.0,5.0,5.0
707,4.0,4.0,4,1.83,251,Plot Area,2.0,0.5,5.0,4.0,5.0,4.0
708,4.0,5.0,2,7.35,299,Plot Area,2.0,7.5,4.0,4.0,4.0,5.0
709,4.0,4.0,2,10.5,37,Plot Area,2.0,12.0,5.0,5.0,5.0,5.0
710,3.0,3.0,2,2.75,14,Plot Area,1.0,12.0,4.0,4.0,5.0,5.0
714,8.0,8.0,3,5.5,222,Plot Area,3.0,7.5,4.0,4.0,4.0,5.0
715,5.0,4.0,3,4.35,125,Plot Area,3.0,12.0,5.0,5.0,5.0,5.0
716,3.0,3.0,2,2.75,145,Plot Area,3.0,7.5,5.0,5.0,4.0,5.0
719,3.0,4.0,2,3.75,151,Plot Area,3.0,7.5,4.0,4.0,4.0,4.0
720,5.0,5.0,2,13.5,420,Plot Area,3.0,12.0,5.0,5.0,5.0,5.0
721,7.0,5.0,3,4.75,220,Plot Area,3.0,12.0,4.0,4.0,5.0,5.0
723,6.0,6.0,3,3.9,171,Plot Area,3.0,7.5,4.0,4.0,4.0,5.0
724,4.0,4.0,2,6.25,502,Plot Area,3.0,2.5,5.0,4.0,4.5,3.5
725,5.0,5.0,2,10.55,301,Plot Area,3.0,7.5,5.0,5.0,5.0,5.0
727,4.0,4.0,3,3.25,135,Plot Area,3.0,7.5,5.0,5.0,4.0,5.0
729,5.0,4.0,3,6.0,251,Plot Area,3.0,0.5,5.0,4.0,4.0,4.0
730,4.0,4.0,2,5.25,136,Plot Area,3.0,2.5,4.0,5.0,4.0,5.0
735,2.0,2.0,2,0.4675,41,Plot Area,1.0,0.5,4.0,4.0,4.0,5.0
736,5.0,7.0,1,12.25,543,Plot Area,3.0,2.5,5.0,5.0,4.0,5.0
737,5.0,7.0,3,10.45,301,Plot Area,3.0,7.5,5.0,5.0,5.0,5.0
738,4.0,4.0,3,12.0,301,Plot Area,3.0,2.5,3.0,4.0,4.0,4.0
740,4.0,4.0,3,6.4,305,Plot Area,3.0,7.5,4.0,4.0,4.0,5.0
741,8.0,8.0,3,4.35,171,Plot Area,2.0,2.5,4.0,4.0,4.0,5.0
742,4.0,4.0,2,2.95,171,Plot Area,3.0,12.0,5.0,5.0,4.0,5.0
743,6.0,4.0,3,3.0,145,Plot Area,3.0,12.0,5.0,5.0,4.0,5.0
744,3.0,3.0,2,1.15,55,Plot Area,2.0,12.0,5.0,5.0,4.0,5.0
746,5.0,5.0,2,13.5,420,Plot Area,2.0,7.5,5.0,5.0,5.0,5.0
748,8.0,7.0,3,5.5,180,Plot Area,3.0,7.5,5.0,5.0,5.0,5.0
750,4.0,3.0,2,5.8,167,Plot Area,2.0,2.5,5.0,5.0,5.0,5.0
751,4.0,4.0,2,12.5,393,Plot Area,3.0,2.5,5.0,5.0,4.0,5.0
752,4.0,4.0,4,3.51,264,Plot Area,3.0,1.25,4.0,5.0,4.0,5.0
753,6.0,5.0,3,3.5,190,Plot Area,2.0,12.0,4.0,4.0,4.0,5.0
754,5.0,6.0,2,9.4,334,Plot Area,3.0,2.5,5.0,4.0,4.5,3.5
755,5.0,6.0,3,10.3,301,Plot Area,3.0,7.5,5.0,5.0,5.0,5.0
756,4.0,4.0,2,6.0,226,Plot Area,3.0,2.5,5.0,4.0,4.5,3.5
757,3.0,3.0,2,8.45,33,Plot Area,2.0,12.0,5.0,5.0,5.0,5.0
758,9.0,8.0,4,7.25,230,Plot Area,3.0,12.0,5.0,5.0,5.0,5.0
759,3.0,3.0,2,4.0,226,Plot Area,2.0,7.5,5.0,5.0,5.0,5.0
760,5.0,5.0,3,6.15,226,Plot Area,3.0,2.5,5.0,4.0,4.5,3.5
761,4.0,4.0,3,4.6,242,Plot Area,3.0,7.5,5.0,4.0,4.0,4.0
762,4.0,5.0,2,12.5,301,Plot Area,2.0,7.5,5.0,5.0,5.0,5.0
763,4.0,5.0,2,10.0,334,Plot Area,3.0,0.5,5.0,4.0,4.5,3.5
765,5.0,5.0,2,12.5,301,Plot Area,3.0,12.0,5.0,5.0,5.0,5.0
767,6.0,6.0,4,10.0,301,Plot Area,3.0,7.5,4.5,4.0,4.5,5.0
769,5.0,5.0,2,2.8,16,Plot Area,3.0,12.0,5.0,5.0,5.0,5.0
770,3.0,3.0,2,6.75,226,Plot Area,3.0,7.5,5.0,5.0,5.0,5.0
771,4.0,4.0,4,2.5,145,Plot Area,2.0,12.0,5.0,5.0,4.0,5.0
773,4.0,5.0,3,5.4,242,Plot Area,3.0,2.5,5.0,4.0,4.0,4.0
774,4.0,4.0,2,5.75,180,Plot Area,2.0,12.0,4.0,4.0,4.0,4.0
775,3.0,3.0,2,2.55,145,Plot Area,2.0,12.0,5.0,5.0,4.0,5.0
779,6.0,6.0,3,3.75,136,Plot Area,3.0,7.5,5.0,5.0,5.0,5.0
780,3.0,4.0,2,7.25,241,Plot Area,2.0,7.5,4.0,4.0,4.0,5.0
781,4.0,5.0,2,8.4,372,Plot Area,3.0,7.5,4.0,4.0,4.0,5.0
782,4.0,4.0,2,3.55,135,Plot Area,3.0,12.0,4.0,4.0,4.0,5.0
783,4.0,4.0,3,2.5,316,Plot Area,3.0,7.5,4.0,4.0,4.5,3.0
784,4.0,4.0,3,2.5,316,Plot Area,3.0,7.5,5.0,5.0,4.5,4.5
788,6.0,6.0,3,4.6,251,Plot Area,3.0,12.0,4.0,4.0,4.0,4.0
789,6.0,6.0,3,3.65,321,Plot Area,2.0,7.5,4.0,4.0,4.0,4.0
790,4.0,5.0,4,12.0,264,Plot Area,3.0,2.5,5.0,4.0,5.0,5.0
791,8.0,8.0,3,4.5,268,Plot Area,3.0,7.5,5.0,5.0,5.0,5.0
792,6.0,6.0,3,4.4,268,Plot Area,3.0,7.5,5.0,5.0,5.0,5.0
793,4.0,4.0,2,7.25,33,Plot Area,3.0,2.5,4.0,4.0,4.0,5.0
794,4.0,4.0,4,0.99,54,Plot Area,3.0,2.5,5.0,4.0,5.0,5.0
797,3.0,3.0,4,2.65,201,Plot Area,3.0,0.5,5.0,5.0,5.0,5.0
798,4.0,4.0,4,2.95,251,Plot Area,2.0,2.5,4.5,4.0,4.0,4.5
799,8.0,4.0,3,3.6,171,Plot Area,3.0,7.5,4.0,5.0,5.0,5.0
800,3.0,3.0,4,1.27,146,Plot Area,3.0,0.9,4.0,4.0,4.0,4.0
802,5.0,6.0,3,6.0,226,Plot Area,3.0,12.0,5.0,5.0,4.0,5.0
806,5.0,5.0,2,11.29,301,Plot Area,3.0,7.5,5.0,5.0,5.0,5.0
807,3.0,3.0,4,8.49,251,Plot Area,2.0,2.5,4.0,4.5,4.0,4.5
809,4.0,4.0,2,6.0,251,Plot Area,3.0,7.5,4.0,4.0,4.0,5.0
810,5.0,5.0,2,9.5,376,Plot Area,3.0,2.5,5.0,4.0,3.0,4.0
813,5.0,4.0,3,4.31,125,Plot Area,3.0,12.0,5.0,5.0,5.0,5.0
816,5.0,5.0,3,10.5,336,Plot Area,3.0,7.5,5.0,5.0,5.0,5.0
819,5.0,5.0,2,11.58,301,Plot Area,3.0,7.5,5.0,5.0,5.0,5.0
821,4.0,4.0,2,4.0,223,Plot Area,3.0,7.5,5.0,5.0,4.0,5.0
823,5.0,5.0,2,6.0,579,Plot Area,3.0,2.5,5.0,4.0,4.5,3.5
825,4.0,5.0,3,6.8,201,Plot Area,3.0,12.0,5.0,5.0,5.0,5.0
826,4.0,5.0,4,2.5,297,Plot Area,3.0,7.5,5.0,5.0,4.5,4.5
828,4.0,6.0,3,8.48,334,Plot Area,3.0,0.5,5.0,4.0,4.5,3.5
829,5.0,7.0,3,6.25,579,Plot Area,3.0,2.5,5.0,4.0,4.5,3.5
830,8.0,8.0,3,10.85,350,Plot Area,3.0,7.5,5.0,5.0,5.0,5.0
832,4.0,4.0,2,3.5,135,Plot Area,3.0,12.0,5.0,5.0,4.0,5.0
833,4.0,4.0,2,3.6,226,Plot Area,3.0,0.5,4.0,4.0,4.5,3.0
834,4.0,5.0,2,6.0,251,Plot Area,2.0,12.0,4.0,4.0,4.0,4.0
835,4.0,5.0,2,14.0,209,Plot Area,3.0,12.0,4.0,5.0,4.0,4.0
837,3.0,3.0,4,1.7,201,Plot Area,3.0,0.5,5.0,5.0,5.0,4.0
839,5.0,6.0,3,15.5,510,Plot Area,3.0,7.5,4.0,4.5,4.0,4.5
840,3.0,3.0,1,3.4,209,Plot Area,3.0,12.0,4.0,5.0,4.0,5.0
842,4.0,3.0,2,3.3,155,Plot Area,3.0,7.5,4.0,4.0,4.0,4.0
845,5.0,5.0,3,8.5,251,Plot Area,3.0,7.5,5.0,5.0,5.0,5.0
846,5.0,4.0,1,8.5,301,Plot Area,2.0,7.5,4.5,4.0,4.5,5.0
848,3.0,3.0,1,11.95,301,Plot Area,2.0,7.5,5.0,5.0,5.0,5.0
849,3.0,4.0,1,12.0,301,Plot Area,2.0,7.5,5.0,5.0,5.0,5.0
850,4.0,4.0,2,6.5,250,Plot Area,3.0,0.5,5.0,4.0,4.0,4.0
852,7.0,8.0,3,11.5,350,Plot Area,3.0,12.0,5.0,5.0,4.5,5.0
854,4.0,4.0,3,15.0,418,Built-up Area,3.0,7.5,5.0,5.0,5.0,5.0
855,3.0,3.0,2,8.2,301,Plot Area,2.0,7.5,4.0,4.0,4.0,5.0
856,3.0,3.0,4,5.51,302,Plot Area,2.0,7.5,4.0,5.0,4.0,5.0
857,3.0,3.0,2,3.2,209,Plot Area,2.0,12.0,5.0,5.0,5.0,5.0
858,6.0,7.0,3,8.0,334,Plot Area,3.0,7.5,4.0,4.5,4.0,4.0
859,3.0,3.0,2,2.95,167,Plot Area,3.0,7.5,5.0,5.0,5.0,5.0
860,3.0,3.0,2,2.8,128,Plot Area,2.0,7.5,5.0,5.0,5.0,5.0
863,4.0,4.0,2,4.35,509,Plot Area,3.0,2.5,4.5,4.0,4.5,3.5
864,4.0,4.0,3,3.49,161,Plot Area,2.0,7.5,4.0,4.0,4.0,4.0
865,4.0,4.0,2,2.99,135,Plot Area,2.0,7.5,4.0,5.0,4.0,5.0
867,3.0,3.0,4,1.64,151,Plot Area,2.0,0.5,4.0,4.0,4.0,5.0
870,3.0,3.0,2,2.8,142,Plot Area,3.0,7.5,4.0,4.0,5.0,5.0
871,3.0,3.0,2,2.5,142,Plot Area,2.0,7.5,4.0,4.0,5.0,5.0
872,3.0,3.0,2,4.05,159,Plot Area,3.0,7.5,4.0,4.0,5.0,5.0
873,4.0,4.0,2,8.4,226,Plot Area,3.0,2.5,5.0,4.0,5.0,5.0
875,5.0,6.0,2,11.0,301,Plot Area,3.0,0.5,3.0,4.0,4.0,4.0
876,5.0,5.0,3,8.75,334,Plot Area,3.0,0.5,5.0,4.0,4.5,3.5
878,4.0,4.0,2,6.5,167,Plot Area,3.0,7.5,5.0,5.0,5.0,5.0
879,4.0,4.0,3,2.45,50,Plot Area,3.0,7.5,5.0,5.0,4.5,5.0
880,8.0,8.0,3,5.5,234,Plot Area,2.0,7.5,5.0,5.0,5.0,5.0
881,4.0,4.0,4,3.51,264,Plot Area,3.0,0.0,5.0,4.5,5.0,4.0
882,5.0,5.0,4,9.25,537,Plot Area,3.0,2.5,4.0,4.0,4.0,4.0
883,7.0,7.0,2,5.65,286,Plot Area,3.0,7.5,4.0,5.0,4.0,5.0
885,5.0,5.0,2,13.5,420,Plot Area,3.0,2.5,5.0,5.0,5.0,5.0
888,4.0,4.0,3,3.5,151,Plot Area,3.0,12.0,4.0,4.0,4.0,4.0
889,4.0,4.0,3,8.25,293,Plot Area,3.0,2.5,4.0,4.0,4.0,5.0
892,4.0,3.0,3,2.68,145,Plot Area,2.0,7.5,5.0,5.0,4.0,5.0
893,5.0,5.0,3,2.7,135,Plot Area,2.0,12.0,4.0,5.0,4.0,5.0
894,4.0,4.0,2,2.3,134,Plot Area,3.0,12.0,5.0,5.0,5.0,5.0
895,2.0,3.0,3,0.92,110,Carpet Area,3.0,0.5,5.0,4.0,4.0,4.0
896,3.0,3.0,2,1.04,135,Carpet Area,3.0,2.5,5.0,4.0,4.0,4.0
897,5.0,5.0,3,9.85,350,Plot Area,2.0,12.0,4.0,4.0,3.0,5.0
898,5.0,5.0,4,15.0,418,Plot Area,3.0,7.5,4.0,4.0,4.0,5.0
899,3.0,3.0,2,1.18,135,Carpet Area,3.0,2.5,5.0,4.0,4.0,4.0
900,2.0,2.0,3,0.9,110,Carpet Area,3.0,0.5,5.0,4.0,4.0,4.0
901,3.0,3.0,4,13.0,251,Plot Area,3.0,0.5,5.0,5.0,4.5,5.0
903,4.0,4.0,3,9.01,521,Plot Area,3.0,2.5,3.0,4.0,4.0,4.0
906,4.0,3.0,3,2.25,85,Plot Area,3.0,2.5,4.0,4.0,4.0,5.0
908,4.0,4.0,2,5.75,241,Plot Area,2.0,7.5,4.0,4.0,4.0,5.0
909,4.0,4.0,2,9.8,301,Plot Area,3.0,7.5,5.0,5.0,5.0,5.0
910,6.0,5.0,3,4.95,226,Plot Area,3.0,2.5,5.0,5.0,4.0,5.0
912,4.0,4.0,3,4.99,226,Plot Area,3.0,7.5,5.0,5.0,4.0,5.0
913,3.0,3.0,1,7.1,22,Plot Area,3.0,7.5,5.0,5.0,5.0,5.0
914,5.0,5.0,3,4.25,136,Plot Area,3.0,2.5,5.0,4.0,4.0,5.0
915,5.0,5.0,2,9.5,253,Plot Area,3.0,2.5,5.0,5.0,4.5,5.0
918,4.0,4.0,3,4.7,242,Plot Area,3.0,0.5,5.0,4.0,4.0,4.0
919,5.0,5.0,3,4.25,171,Plot Area,3.0,7.5,5.0,5.0,4.0,5.0
923,6.0,7.0,2,9.55,460,Plot Area,3.0,2.5,3.0,4.0,4.0,4.0
924,7.0,7.0,2,4.95,223,Plot Area,3.0,12.0,4.0,4.0,4.0,5.0
925,6.0,6.0,3,9.5,51,Plot Area,3.0,7.5,3.0,4.0,4.0,4.0
926,7.0,7.0,2,5.0,217,Plot Area,3.0,7.5,4.0,4.0,4.0,5.0
927,7.0,7.0,2,4.75,217,Plot Area,3.0,7.5,4.0,4.0,4.0,5.0
928,3.0,3.0,2,1.15,26,Plot Area,3.0,12.0,5.0,4.0,5.0,5.0
929,4.0,5.0,2,6.0,579,Plot Area,3.0,7.5,5.0,4.0,4.5,3.5
930,5.0,5.0,2,9.0,435,Plot Area,2.0,12.0,5.0,5.0,4.0,5.0
931,4.0,4.0,2,3.6,161,Plot Area,2.0,12.0,4.0,4.0,4.0,4.0
932,5.0,5.0,3,9.0,251,Plot Area,2.0,12.0,5.0,5.0,5.0,5.0
934,3.0,3.0,1,3.3,209,Plot Area,2.0,12.0,5.0,5.0,5.0,5.0
935,5.0,4.0,2,3.5,220,Plot Area,2.0,12.0,4.0,4.0,4.0,5.0
936,4.0,4.0,2,2.35,134,Plot Area,2.0,12.0,5.0,5.0,5.0,5.0
939,7.0,7.0,3,6.25,189,Plot Area,3.0,7.5,5.0,5.0,4.5,5.0
940,4.0,4.0,2,6.3,167,Plot Area,3.0,12.0,5.0,5.0,5.0,5.0
942,4.0,5.0,4,11.75,264,Plot Area,3.0,2.5,5.0,4.0,5.0,5.0
944,4.0,4.0,2,10.8,242,Plot Area,3.0,2.5,5.0,5.0,5.0,5.0
945,3.0,4.0,2,6.4,241,Plot Area,3.0,2.5,4.0,4.0,4.0,5.0
947,4.0,4.0,2,5.5,217,Plot Area,2.0,2.5,4.0,4.0,4.0,5.0
948,4.0,4.0,2,3.5,151,Plot Area,2.0,2.5,4.0,4.0,4.0,5.0
949,4.0,4.0,3,3.75,15,Plot Area,3.0,7.5,4.0,5.0,4.0,4.0
951,6.0,6.0,4,4.0,171,Plot Area,3.0,12.0,4.0,4.0,4.0,5.0
953,3.0,3.0,3,1.4,158,Plot Area,2.0,0.5,4.0,4.0,4.0,4.0
954,4.0,4.0,3,5.0,301,Plot Area,3.0,2.5,4.0,4.0,4.0,4.0
957,4.0,4.0,4,1.65,50,Plot Area,3.0,7.5,5.0,5.0,4.5,5.0
958,5.0,6.0,3,11.0,376,Plot Area,3.0,0.5,5.0,5.0,4.5,5.0
959,5.0,5.0,2,11.0,288,Plot Area,3.0,2.5,5.0,5.0,5.0,5.0
960,3.0,3.0,2,3.75,158,Plot Area,1.0,12.0,4.0,4.0,5.0,5.0
961,6.0,6.0,2,3.4,142,Plot Area,3.0,7.5,4.0,5.0,4.0,5.0
962,3.0,3.0,2,4.5,125,Plot Area,2.0,12.0,5.0,5.0,5.0,5.0
963,4.0,4.0,2,5.25,180,Plot Area,2.0,12.0,4.0,4.0,4.0,4.0
964,4.0,4.0,2,6.5,264,Plot Area,2.0,12.0,4.0,5.0,4.0,5.0
965,4.0,4.0,2,11.0,301,Plot Area,3.0,7.5,5.0,5.0,5.0,5.0
966,3.0,3.0,2,7.5,201,Plot Area,2.0,7.5,5.0,5.0,5.0,5.0
967,5.0,5.0,2,9.9,314,Plot Area,2.0,7.5,5.0,5.0,5.0,5.0
968,4.0,4.0,3,6.75,194,Built-up Area,3.0,2.5,5.0,5.0,5.0,5.0
970,6.0,6.0,3,3.75,136,Built-up Area,3.0,7.5,5.0,5.0,5.0,5.0
971,4.0,4.0,2,1.45,109,Plot Area,2.0,12.0,5.0,5.0,5.0,5.0
972,3.0,3.0,1,4.1,171,Plot Area,2.0,12.0,5.0,5.0,4.0,5.0
973,6.0,6.0,3,6.4,293,Plot Area,3.0,12.0,4.0,5.0,4.0,5.0
974,6.0,4.0,2,3.5,180,Plot Area,2.0,12.0,4.0,5.0,4.0,5.0
975,3.0,3.0,3,4.7,201,Plot Area,3.0,0.5,4.0,4.0,4.0,4.0
976,3.0,3.0,1,7.5,420,Plot Area,2.0,12.0,4.0,5.0,4.0,5.0
977,3.0,6.0,2,5.5,241,Plot Area,2.0,7.5,4.0,4.0,4.0,5.0
978,4.0,4.0,2,7.65,372,Built-up Area,3.0,7.5,4.0,4.0,4.0,5.0
979,5.0,7.0,2,5.15,253,Plot Area,3.0,7.5,4.0,4.0,4.0,5.0
980,5.0,4.0,2,6.75,418,Built-up Area,2.0,0.5,5.0,5.0,5.0,5.0
981,5.0,5.0,3,10.0,251,Plot Area,3.0,7.5,5.0,5.0,5.0,5.0
982,4.0,4.0,2,8.5,420,Plot Area,2.0,12.0,5.0,5.0,5.0,5.0
984,8.0,8.0,3,9.5,420,Plot Area,3.0,2.5,5.0,5.0,5.0,5.0
985,5.0,4.0,2,5.5,301,Plot Area,2.0,12.0,4.0,5.0,4.0,5.0
986,5.0,5.0,3,6.46,318,Plot Area,2.0,7.5,4.0,5.0,4.0,5.0
988,5.0,6.0,3,10.5,301,Plot Area,3.0,0.5,5.0,4.0,5.0,5.0
989,5.0,4.0,2,8.0,28,Plot Area,3.0,2.5,4.0,4.0,4.0,4.0
990,4.0,5.0,3,6.44,226,Plot Area,3.0,0.5,5.0,4.0,4.5,3.5
991,8.0,8.0,3,7.5,301,Plot Area,3.0,2.5,4.0,5.0,4.0,5.0
992,4.0,4.0,2,7.0,201,Plot Area,2.0,12.0,5.0,5.0,5.0,5.0
994,5.0,5.0,2,6.5,321,Plot Area,2.0,2.5,5.0,5.0,5.0,5.0
995,4.0,4.0,2,6.8,201,Plot Area,3.0,12.0,5.0,5.0,5.0,5.0
996,4.0,4.0,2,6.75,579,Plot Area,3.0,0.5,5.0,4.0,4.5,3.5
997,6.0,6.0,2,4.7,220,Plot Area,3.0,12.0,4.0,4.0,5.0,5.0
998,4.0,4.0,2,7.8,301,Plot Area,3.0,2.5,4.0,4.0,4.0,5.0
999,4.0,4.0,1,6.5,502,Plot Area,3.0,0.5,5.0,4.0,4.5,3.5
1000,5.0,5.0,3,8.5,443,Plot Area,3.0,0.5,3.0,4.0,4.0,4.0
1001,6.0,6.0,3,4.5,171,Plot Area,3.0,7.5,4.0,4.0,4.0,5.0
1002,4.0,4.0,3,4.45,125,Plot Area,3.0,12.0,5.0,5.0,5.0,5.0
1004,8.0,8.0,4,3.8,135,Plot Area,3.0,2.5,4.0,4.0,4.0,4.0
1006,8.0,8.0,4,1.4,54,Plot Area,3.0,7.5,4.0,4.0,4.0,5.0
1007,5.0,6.0,4,11.5,435,Plot Area,3.0,2.5,3.0,4.0,4.0,4.0
1008,3.0,2.0,2,3.5,135,Plot Area,3.0,7.5,4.0,4.0,4.0,5.0
1009,5.0,4.0,2,7.1,201,Plot Area,3.0,7.5,5.0,5.0,5.0,5.0
1011,5.0,7.0,3,11.75,420,Plot Area,3.0,2.5,3.0,4.0,4.0,4.0
1012,4.0,4.0,2,4.0,125,Plot Area,3.0,12.0,5.0,5.0,5.0,5.0
1013,3.0,3.0,4,2.25,201,Plot Area,3.0,0.5,4.0,5.0,4.0,5.0
1015,5.0,6.0,3,11.0,418,Plot Area,3.0,0.5,3.0,4.0,4.0,4.0
1017,4.0,4.0,3,7.45,201,Plot Area,3.0,12.0,5.0,5.0,5.0,5.0
1018,4.0,4.0,2,7.42,201,Plot Area,3.0,12.0,5.0,5.0,5.0,5.0
1020,3.0,2.0,3,1.2,179,Plot Area,2.0,0.5,5.0,4.0,5.0,4.0
1025,6.0,6.0,3,2.98,135,Plot Area,3.0,2.5,5.0,5.0,5.0,5.0
1027,4.0,4.0,3,2.4,84,Plot Area,3.0,7.5,4.0,4.0,4.0,5.0
1028,5.0,4.0,2,3.15,144,Plot Area,3.0,7.5,4.0,4.0,4.0,4.0
1029,5.0,4.0,3,4.25,171,Plot Area,2.0,7.5,4.0,4.0,4.0,5.0
1031,3.0,3.0,3,2.2,84,Plot Area,2.0,12.0,4.0,4.0,4.0,5.0
1032,4.0,3.0,2,3.5,135,Plot Area,3.0,7.5,5.0,5.0,4.0,5.0
1033,8.0,6.0,3,5.65,220,Plot Area,3.0,7.5,4.0,4.0,4.0,5.0
1034,5.0,4.0,3,3.55,135,Plot Area,3.0,7.5,4.0,4.0,4.0,5.0
1035,5.0,5.0,3,3.6,135,Plot Area,3.0,7.5,4.0,4.0,4.0,5.0
1036,5.0,4.0,2,3.1,144,Plot Area,3.0,7.5,4.0,4.0,4.0,5.0
1037,3.0,3.0,2,4.75,149,Plot Area,3.0,7.5,4.0,4.0,4.0,4.0
1040,3.0,2.0,2,4.25,125,Plot Area,3.0,12.0,5.0,5.0,5.0,5.0
